{"cameraMode":{"drawMode":0,"name":"Shaded","section":"Shading Mode"},"sceneLighting":false,"audioPlay":false,"sceneViewState":{"m_AlwaysRefresh":true,"showFog":false,"showSkybox":false,"showFlares":true,"showImageEffects":true,"showParticleSystems":true,"showVisualEffectGraphs":true,"m_FxEnabled":false},"in2DMode":false,"pivot":{"x":0.07407649606466294,"y":0.543872594833374,"z":-1.298414707183838},"rotation":{"x":0.000637634249869734,"y":-0.9843307733535767,"z":0.17638184130191804,"w":0.0035491737071424724},"size":1.3734267950057984,"orthographic":false}