{"cameraMode":{"drawMode":0,"name":"Shaded","section":"Shading Mode"},"sceneLighting":false,"audioPlay":false,"sceneViewState":{"m_AlwaysRefresh":true,"showFog":false,"showSkybox":false,"showFlares":true,"showImageEffects":true,"showParticleSystems":true,"showVisualEffectGraphs":true,"m_FxEnabled":false},"in2DMode":false,"pivot":{"x":199.11280822753907,"y":0.7250232696533203,"z":260.5663146972656},"rotation":{"x":0.17097075283527375,"y":-0.4644635319709778,"z":0.09183621406555176,"w":0.8641021847724915},"size":1.4445912837982178,"orthographic":false}